scenario,total_revenue,total_profit
Base,1142268.83,315598.5
-5% Utilization,1085155.3885,258485.05849999996
-10% Utilization,1028041.947,201371.61700000003
